Date,BTC,ETH,BNB,SOL,XRP,BTC_return,ETH_return,BNB_return,SOL_return,XRP_return
2025-04-02,85237.5876052852,1907.1671522994227,611.0283776490112,126.80693682115113,2.140991043686336,,,,,
2025-04-03,82526.4221526433,1795.761850567479,589.8692678191657,118.08550586157003,2.030360837075233,-0.03180715842401194,-0.058414020814916534,-0.03462868600515279,-0.06877723867647578,-0.05167242849396558
2025-04-04,83163.98757387721,1818.2844199542053,592.4642522121785,117.1929518844708,2.0641704630367608,0.0077255914482110555,0.012542069194536598,0.004399253418654769,-0.0075585396411440575,0.016652028222840842
2025-04-05,83852.00765399594,1814.4807753449506,597.7592047746326,122.71307466195722,2.1277037304012105,0.008273053038823308,-0.002091886487896377,0.008937168010868968,0.04710285634692579,0.030779079781512397
2025-04-06,83595.88550177493,1809.935827172196,594.0888077893536,120.16838205477265,2.148561695180789,-0.00305445462054843,-0.00250482024087062,-0.006140260084598448,-0.02073693136770094,0.009803040001083785
2025-04-07,78211.48358199988,1574.6321611455576,554.4379559214581,105.76515013740064,1.9232068608073252,-0.06440989155693222,-0.13000663476244445,-0.06674229736028714,-0.11985874879140035,-0.10488636881078783
2025-04-08,79179.29226757778,1555.909812570873,554.1601019762941,106.7967654056102,1.8972731944488423,0.012374253002926494,-0.011889982331533155,-0.000501145244831247,0.009753829752705778,-0.013484595384396836
2025-04-09,76329.090356324,1471.3608854365523,553.3962669418149,105.48654682895575,1.791941720267648,-0.03599680964085705,-0.05434050640417154,-0.001378365262593051,-0.012268335765397875,-0.05551729423542151
2025-04-10,82622.17029546302,1662.5331604641576,582.2597810033054,118.96288063114291,2.0504426400353335,0.08244667805893258,0.12992888211166798,0.05215704511524155,0.12775405212608537,0.14425743697126236
2025-04-11,79596.35732250768,1523.928624242526,577.2921769307156,112.88616853404648,1.96981883924698,-0.03662228869242723,-0.08336948670722155,-0.00853159403184256,-0.05108074102490778,-0.03932019321787228
2025-04-12,83439.28818043756,1568.131690125936,586.1297244063287,121.39249540173658,2.0237864771088336,0.04828023526703795,0.029005994887314035,0.015308621576338721,0.0753531365104716,0.027397259477162983
2025-04-13,85305.09728392666,1645.8625733156498,596.9496743252538,132.15438529607428,2.156688589695265,0.02236127781260877,0.04956910422712735,0.01845999182157887,0.08865366725284196,0.065670026996274
2025-04-14,83600.82010054543,1595.4227460001084,583.6441112439634,128.2347432835372,2.118179146058531,-0.01997860898873105,-0.030646439218754762,-0.022289254276468107,-0.029659568267489944,-0.01785582017762477
2025-04-15,84523.4524914945,1621.543195596693,584.5130373558429,129.42181202590046,2.127444298086899,0.011036164356275968,0.016372118087241372,0.0014887944470605152,0.009256997846040615,0.004374111625831123
2025-04-16,83656.49248858042,1587.8222244021401,579.7117342988385,126.3038818388089,2.087166740701441,-0.010257034909942009,-0.02079560463521557,-0.008214193268851755,-0.02409122649640838,-0.01893236754620431
2025-04-17,84105.77942167096,1577.7073516760117,582.9884895445316,131.4761427933663,2.0835198434155506,0.005370616430659725,-0.006370280356755242,0.005652387301865458,0.04095092628394692,-0.001747295611209565
2025-04-18,84930.90857600998,1583.4764497002345,590.1449424870344,134.6151648808524,2.0677436115822867,0.009810611827305804,0.0036566337971957186,0.01227546181588246,0.023875221928433943,-0.007571913405634567
2025-04-19,84433.75017215389,1589.1516208270755,591.7558249048697,133.9760882871713,2.062691684044618,-0.005853680505621295,0.0035839946517142174,0.0027296386054695976,-0.004747433873789397,-0.0024432079051632805
2025-04-20,85126.66244301842,1615.0502549158562,592.1191922418601,139.64248014652355,2.0855273823856817,0.008206579353063681,0.016297144809443553,0.000614049446913123,0.04229405360161431,0.011070824843917748
2025-04-21,85073.16544858096,1585.4600253443446,592.9015532596577,137.6315829179827,2.0747196454629124,-0.000628439937643166,-0.018321553451012162,0.0013212897471461815,-0.014400325935423508,-0.0051822560634068315
2025-04-22,87452.04699068287,1577.4465595922347,596.742721454172,136.3303974884886,2.0806696781556395,0.02796277215686449,-0.005054347396976744,0.006478593576617175,-0.009454119482659173,0.0028678731151647874
2025-04-23,93576.16588573981,1759.7064599311093,617.6497009116878,148.80397504642707,2.221159426695198,0.07002830815051597,0.1155410934402672,0.03503516457908118,0.09149520420779034,0.06752140909944537
2025-04-24,93605.45230873208,1793.969849485534,606.1742820090113,150.9999108899842,2.217823599038466,0.00031296882828080186,0.019471082441651077,-0.018579170176457716,0.014757239132032529,-0.001501840712845759
2025-04-25,93872.81422867288,1769.3925107354407,602.1970676660677,152.3299363576059,2.206600349886956,0.002856264387879559,-0.013699973138980859,-0.006561173017374022,0.008808120877572767,-0.005060478730759099
2025-04-26,94773.11200643536,1788.7981804331257,600.1913883958081,150.92008896105446,2.1852873809524738,0.009590612417023747,0.010967419371306741,-0.0033306028507130714,-0.009255222120238549,-0.009658735409687758
2025-04-27,94644.06637120107,1821.2695303291391,607.8085377229048,149.14633083954075,2.1932493737799863,-0.0013616270744124526,0.018152606734064936,0.012691200630945199,-0.011752962337382655,0.0036434534409117703
2025-04-28,93809.33781968223,1793.6918440730135,603.5371460135477,148.2466719511348,2.2566771719971905,-0.008819660687918618,-0.015142012643862612,-0.007027528315675546,-0.006032055118901036,0.028919556059368023
2025-04-29,95030.60645474444,1799.50191449199,606.1285517158251,147.99083303267335,2.2959679622378415,0.01301862547425392,0.0032391686666664032,0.004293697114409634,-0.0017257650043286388,0.01741090428361014
2025-04-30,94256.35946318062,1796.9720456768928,600.5889575399475,146.49305755147196,2.2399407863578777,-0.008147343476467617,-0.0014058716996760978,-0.009139305779600981,-0.010120731470379063,-0.02440242059186004
2025-05-01,94235.75331048167,1794.0495408617828,599.6302002732988,147.73348327834748,2.1934727928877984,-0.00021861816875068385,-0.0016263496263845267,-0.0015963617955545573,0.008467471070700228,-0.02074518833403438
2025-05-02,96426.94522273027,1838.8543285925753,599.5796914410877,150.76046702861854,2.2143085222346612,0.023252235327595905,0.0249741084124524,-8.423330277240737e-05,0.020489490148742018,0.00949896867397726
2025-05-03,96855.5681343944,1841.427590836958,601.3244678537958,147.97213909446802,2.2089170454344824,0.004445053306148861,0.0013993834119270243,0.002909999183785761,-0.018495086869299904,-0.0024348354107122105
2025-05-04,95922.86842404422,1834.501911876416,599.2468842902798,146.79754814764868,2.188707355411367,-0.009629799590416765,-0.003761037900705144,-0.003455012517503464,-0.007937919624649403,-0.009149139423269004
2025-05-05,94326.62048529249,1808.156093844096,585.8899216562841,143.9823040324787,2.1580623583353407,-0.016640952934134923,-0.01436129221875393,-0.022289582114081608,-0.01917773253500399,-0.014001413665586493
2025-05-06,94758.8237105546,1820.0044598893596,597.9661578698278,146.81070557078957,2.1371617409153263,0.004581985690131907,0.006552734072905464,0.0206117834889612,0.019644091385513818,-0.00968489966904218
2025-05-07,96854.53198815876,1816.1686943818438,603.0175211984405,146.90938773866714,2.1553467775958843,0.022116233565811383,-0.0021075583011203047,0.008447573933962227,0.0006721728329954768,0.008508966042396704
2025-05-08,97026.49376966801,1810.3169269284476,603.144369158166,147.20059726659957,2.1289110212370352,0.0017754644824494736,-0.003222039599899529,0.00021035534667945832,0.0019822390686867752,-0.012265198637008257
2025-05-09,103076.27555512934,2197.5611893238784,628.2798237375861,163.41627317514832,2.318857034757937,0.0623518541216479,0.21390965119707817,0.04167402675830778,0.1101603947922849,0.0892221476736641
2025-05-10,102962.54045692299,2341.407963002621,666.6606824091106,172.6970765026263,2.34260418658349,-0.0011034071380034982,0.06545746001411668,0.06108879709553605,0.05679240596516899,0.010240886552987494
2025-05-11,104630.8792994166,2583.6829051429513,662.3379085253329,177.3428319704922,2.465515991652043,0.016203357406392005,0.10347404039304497,-0.006484219030521654,0.02690118189577606,0.052468020749083744
2025-05-12,103994.061616746,2507.4693107597423,650.8664613901699,172.85779222329435,2.3665185406774456,-0.006086326397470643,-0.029498044915458488,-0.017319629433114714,-0.02529022288278393,-0.04015283263616687
2025-05-13,102876.8304286011,2492.426391077375,660.9533536861077,174.41950190990173,2.5407166812994824,-0.010743221014506421,-0.00599924378648109,0.015497637217922522,0.0090346501972558,0.07360945525158247
2025-05-14,104184.49039270742,2676.639163127913,666.2402578411695,184.05379777179434,2.5882656119238727,0.01271092780228944,0.0739090120013175,0.007998906618110091,0.055236345456767255,0.01871477090474749
2025-05-15,103594.42575090709,2603.7180887199615,651.6490150180347,176.45507175799847,2.552660064054796,-0.005663651466510711,-0.027243520685371725,-0.021900872322568876,-0.041285353009761994,-0.013756527809605568
2025-05-16,103708.85136423641,2542.296692466797,651.1362648113163,168.75269732863256,2.3780203600308965,0.0011045537682159434,-0.023589879610722564,-0.0007868502750735251,-0.04365062648881768,-0.06841479070522671
2025-05-17,103556.03493982446,2544.3870377235667,647.3412018782846,167.76812404954248,2.387491166631724,-0.0014735138071797493,0.0008222271078601739,-0.00582836978697765,-0.005834415062253573,0.003982643193477298
2025-05-18,103212.36483885496,2475.0543933696913,639.5979769763185,165.9394166641985,2.352615765613394,-0.00331868732874141,-0.027249252305540095,-0.011961582052090636,-0.010900207627069669,-0.014607551854330825
2025-05-19,106030.6376831359,2465.3409856139087,649.3806686821907,171.54067495745267,2.4178990437197814,0.027305573791290394,-0.003924522944547593,0.015295063552451582,0.033754839000001535,0.02774923090314574
2025-05-20,105629.41580436694,2526.989643891319,651.0389804540937,166.7148813421899,2.3808727609208282,-0.003784018351072893,0.02500613855736411,0.00255368207259421,-0.028132066149673896,-0.015313411407777644
2025-05-21,106786.71995834043,2524.2743433146065,650.951301036078,168.38572912424627,2.356578233921423,0.010956267675633846,-0.0010745198672563738,-0.00013467614174889064,0.010022187393259108,-0.010204042567150462
2025-05-22,109665.86371625263,2558.9502343769486,674.7138326551593,173.96771434765478,2.4028996266349396,0.026961627429285207,0.013736974015593484,0.03650431542461008,0.03314998992159102,0.01965620833068482
2025-05-23,111560.356938144,2657.1674447566115,686.0302393255067,179.57884486750282,2.4284164339274192,0.01727514066540481,0.038381836840831296,0.01677215750241068,0.032253861245971516,0.010619173189607478
2025-05-24,107216.66856870624,2519.813809045145,655.3681110510369,174.43566967519817,2.2991928362328755,-0.0389357697362529,-0.05169175016896532,-0.044695009806880126,-0.028640206456943207,-0.053213112829068376
2025-05-25,107831.36374380375,2529.4429842284353,667.9647953294073,175.9976176396849,2.3319094660057416,0.005733205324353063,0.003821383607283124,0.01922077694346247,0.008954292246506235,0.0142296153925352
2025-05-26,108861.81037744327,2546.6201163370915,670.0121393931087,175.13203918726265,2.3405861862412927,0.009556093866045723,0.006790875388676065,0.003065047855840719,-0.00491812596119523,0.0037208649658313497
2025-05-27,109377.71513263129,2562.1729286392238,673.7837605333261,174.71672204451494,2.3082922649115565,0.004739079328180296,0.006107236883254652,0.005629183291565143,-0.0023714515326554997,-0.013797364745451457
2025-05-28,109068.45694901445,2662.0940568241435,687.4363026293119,176.57784495904014,2.3186677687774426,-0.00282743320466905,0.03899858868542028,0.0202624979936874,0.010652231181689675,0.004494883088941748
2025-05-29,107838.18431100152,2676.2674124507,687.631059296252,172.12073410994773,2.2746048552552507,-0.011279820696354359,0.005324137811819174,0.0002833086733931012,-0.025241619921946068,-0.01900354769041568
2025-05-30,105745.41660358038,2633.1392065286695,675.4110812815895,166.83894593726552,2.2505538163676135,-0.019406555486743637,-0.01611505850326711,-0.01777112573589812,-0.030686530591417904,-0.010573721775045675
2025-05-31,104010.91956242644,2524.4762348050726,656.2031380761879,156.51262963204462,2.1423194738068942,-0.016402574190579222,-0.04126746183953178,-0.0284388926058996,-0.061893919595391034,-0.04809231477761733
2025-06-01,104687.50742934884,2532.3627853090866,658.5726942750157,156.86968538083693,2.177000081626197,0.006504969572125763,0.003124034362170569,0.003611010160321282,0.002281322278155695,0.01618834550277204
2025-06-02,105710.00593822816,2538.3300584367485,661.3452261434389,157.63092185153255,2.1802830722675224,0.00976714924241917,0.0023564053153362075,0.00420991014739136,0.00485266779778093,0.0015080342297797422
2025-06-03,105884.74263221149,2609.737253959435,666.0561104906627,156.97126157615844,2.2004265864927537,0.0016529815927306402,0.02813156440603448,0.00712318492823294,-0.004184840560632064,0.009238944466179788
2025-06-04,105434.47745144971,2595.4689570062997,661.17332497159,155.57609294535118,2.2486280245071963,-0.004252408511071004,-0.005467330832438222,-0.007330892160835711,-0.008888051333717284,0.02190549701150024
2025-06-05,104812.9182188067,2610.343189828259,663.70338541173,153.52933334658826,2.202322198067478,-0.00589521803177917,0.005730845973636933,0.003826622074096342,-0.01315600334224798,-0.020592924189791972
2025-06-06,101650.7387545425,2421.601103763502,634.1479715861758,144.54778524030908,2.0970164299223453,-0.030169749282839997,-0.07230546803203086,-0.0445310578116449,-0.058500534787079284,-0.04781578655363772
2025-06-07,104409.74967959142,2481.4039836690267,643.7566841456504,148.27289869882955,2.163852346114403,0.0271420646701952,0.02469559491552209,0.015152161624739868,0.02577080964836309,0.03187190869769796
2025-06-08,105681.4546141758,2526.291995889778,650.7937997932994,150.07536034230216,2.1779065492597427,0.012179944291476064,0.018089763906310452,0.010931328281255981,0.012156379616842461,0.006494991754209423
2025-06-09,105692.24740699006,2508.784123584585,652.274428548494,152.50446458828966,2.2629632981656744,0.00010212570269452215,-0.0069302647254069205,0.002275111956605791,0.0161858964752577,0.03905436114090488
2025-06-10,110261.57485948496,2685.0001850413178,666.3374143222443,161.15980951265985,2.321075765224377,0.04323238046873712,0.070239627156502,0.021559921956536998,0.05675469860988458,0.025679809790025265
2025-06-11,110212.73252109604,2808.503208314919,673.4760595844963,164.9644225697288,2.305016386019404,-0.00044296790111297835,0.04599739842166928,0.010713258941812409,0.023607703859752194,-0.006918937953505622
2025-06-12,108679.9760916168,2776.1371915822333,667.7388930109494,161.01986639557893,2.2701428874939213,-0.013907253675847775,-0.011524294021406867,-0.00851873870184261,-0.023911556884227858,-0.015129392891521598
2025-06-13,105979.22902375912,2653.158968452672,656.4804964003403,152.6604566097001,2.1954298391805,-0.02485045695612742,-0.044298323405073115,-0.016860477543614527,-0.05191539387656796,-0.03291116551518014
2025-06-14,106045.56440819203,2577.04861752583,654.9095462616511,148.53042859104298,2.148866270593598,0.0006259281657732263,-0.02868669078326269,-0.002392988287242437,-0.027053685744018008,-0.02120931753586941
2025-06-15,105482.90611628917,2534.0702195359518,645.8086677048335,144.75154594223267,2.141891800480294,-0.005305816372828787,-0.01667737181890694,-0.01389639013321331,-0.025441808016422818,-0.003245651071333455
2025-06-16,105554.49383061715,2547.8456040920437,648.2042600997396,152.684889859998,2.166318490313782,0.0006786664964373301,0.005436070575271845,0.003709446024346308,0.054806626527715174,0.011404259462597821
2025-06-17,106951.2720181497,2561.329843569428,651.4813571171453,151.43554856186984,2.255537416572947,0.013232768561933117,0.005292408400150883,0.005055654859320802,-0.008182481575444323,0.04118458419576254
2025-06-18,104683.42479835715,2514.986700576147,648.799470473488,147.99188434299543,2.1632317759396993,-0.021204490390798636,-0.018093391255183944,-0.004116597680591916,-0.02274013104305872,-0.04092401214673558
2025-06-19,104722.695052907,2521.3334233964915,643.7728727892951,146.27697674399295,2.1686830671349613,0.0003751334523636185,0.0025235611857870044,-0.007747536662637167,-0.011587848932498979,0.0025199755550437963
2025-06-20,104690.65002458123,2522.1791903642184,644.3626647131019,147.09924520457085,2.166239439916603,-0.00030599888887106186,0.00033544431683596443,0.0009161490779370229,0.005621311561675224,-0.0011267793138562965
2025-06-21,103290.105144757,2405.695434213183,641.4660754156638,140.04009054961782,2.1201128146436803,-0.013377936611296048,-0.04618377496573289,-0.004495277979409074,-0.047989061025676016,-0.021293410332654084
2025-06-22,101532.5683847329,2270.581996055585,626.5687672231079,133.71000196412658,2.044379922195215,-0.017015538492878735,-0.05616398328568506,-0.02322384419612933,-0.04520197438210327,-0.035721161593560535
2025-06-23,100852.58264648831,2227.4287266371684,615.9200839908369,131.8134744866569,2.013512764553698,-0.006697217937676414,-0.019005378133615802,-0.016995234664288983,-0.01418388639302015,-0.015098542744624632
2025-06-24,105511.62437933135,2423.899644268608,640.2543180324582,144.7815680115998,2.1640075102022664,0.04619655352975993,0.08820525446309513,0.03950875231076778,0.09838215383857163,0.07474238470096117
2025-06-25,105976.06929808448,2446.539301545049,643.4133640920619,145.8019507474219,2.1890368617248566,0.0044018364941798005,0.009340179297428142,0.004934048815651293,0.007047739224238514,0.011566203631266925
2025-06-26,107238.53045016268,2417.2267855277296,645.8665732235779,143.37011953879949,2.1839169388853152,0.011912700295830136,-0.011981216078894796,0.003812804129391667,-0.016679003237996204,-0.002338892930065617
2025-06-27,106984.01253775663,2415.031864876594,642.4572030728536,138.97799072607012,2.105597069865388,-0.0023733812029841372,-0.0009080325703308967,-0.005278753061499719,-0.03063489677527087,-0.03586210978330617
2025-06-28,107078.91560644074,2423.0302896731746,645.9995550778237,142.12675809713753,2.140945561649059,0.0008870771102422736,0.0033119334419171587,0.005513755605863091,0.02265659011629917,0.016787870903491875
2025-06-29,107331.58548463577,2437.133001780241,648.766805209224,150.7812372563586,2.185743305637095,0.002359660412734277,0.005820278915691368,0.004283671884366624,0.06089267971134693,0.02092427980911893
2025-06-30,108396.61631317894,2502.6672721177083,655.0764136195659,153.31879559308874,2.2080779439640237,0.009922809056944537,0.026889903131916304,0.009725541380476432,0.016829403862867798,0.010218326310013959
2025-07-01,107132.79910701896,2488.190781689803,657.0109566115938,154.9374500694811,2.2397868943055363,-0.011659194254814764,-0.005784424717256043,0.00295315623003245,0.01055744320277796,0.014360430721293893
2025-07-02,105613.39974163055,2405.1045592800183,646.1777891600059,146.84115991278014,2.171453605552325,-0.014182392115701381,-0.033392223386246256,-0.016488564372591052,-0.05225521752855877,-0.030508834981998967
2025-07-03,108824.44423167943,2574.067718495133,660.0254823640146,152.1680329188485,2.234339504341481,0.03040376029844971,0.0702518975997013,0.021430159680991157,0.03627642964160982,0.028960277405125856
2025-07-04,109602.20483914016,2590.132231590221,663.0154690088326,152.28063806980848,2.2565985381225446,0.007146929285528403,0.00624090538864297,0.004530107889332946,0.0007400053007193819,0.009962243310747132
2025-07-05,108040.8919400104,2509.236345783362,653.1616270479346,147.76302956048175,2.220660517934634,-0.014245269074844358,-0.031232338187302755,-0.014862159966838817,-0.029666335566940316,-0.01592574823602011
2025-07-06,108217.46849992426,2517.37917835065,655.9253698398683,147.60067170952217,2.2177115630108464,0.0016343493351749228,0.003245143719112553,0.004231330619382412,-0.0010987718067402286,-0.0013279629641590462
2025-07-07,109215.19771840284,2571.358192115984,663.0185149322261,151.92103968743746,2.2711234551626793,0.009219668804942183,0.021442543987632456,0.01081395143183661,0.029270652551078857,0.02408423757295064
2025-07-08,108300.71675785031,2543.6317028067488,661.2876967099644,148.79005045485957,2.275084085302051,-0.0083732024448685,-0.01078281874312459,-0.002610512652785668,-0.020609319413687488,0.0017439079017780301
2025-07-09,108953.19187727802,2615.7759888945047,660.7042150664093,151.83083400485827,2.3106154308712163,0.006024661137622678,0.0283627091171057,-0.0008823415987594396,0.02043673982704397,0.015617596641245957
2025-07-10,111327.53054245669,2772.5795626609174,669.2613994307441,157.20772193763892,2.405267395272407,0.021792281843868055,0.05994533722770434,0.012951611582309397,0.03541367580585497,0.04096396273329761
2025-07-11,115879.65030112496,2948.4462027029053,685.1054482111715,163.85821380442644,2.5456780481070833,0.04088943441471771,0.06343069191248163,0.023673931880583643,0.04230384986702895,0.05837631737355098
2025-07-12,117571.02510036016,2958.8514450990992,689.8418420972016,162.75319398002793,2.735777793849028,0.01459596050592138,0.0035290596066006596,0.006913379390569574,-0.006743756072658091,0.07467548611785335
2025-07-13,117418.95745007684,2942.9616055388096,685.4703165458919,160.46917812212587,2.7403085663356155,-0.0012934109416288253,-0.005370272842392554,-0.006336996807876583,-0.014033616189322529,0.0016561185988037685
2025-07-14,119117.55666327637,2974.2654952333387,692.0429275667424,161.2426294578984,2.836943449825265,0.014466141158864687,0.010636866493811459,0.009588469204574901,0.004819937042264355,0.03526423435550208
2025-07-15,119833.67446712355,3012.1797069059276,689.3152771073793,162.28222240485653,2.954285567242737,0.006011857730355619,0.012747420071729243,-0.003941446911326252,0.0064473827452036225,0.041362163008465735
2025-07-16,117678.19493404306,3133.069857747011,689.863427315096,163.96583057213138,2.917723690315136,-0.017987260614893752,0.04013377773043314,0.0007952097188632656,0.010374569329440364,-0.012375877719134842
2025-07-17,118748.1627367753,3368.126521526108,708.5580809732663,173.8289647474319,3.0408154279719146,0.009092319977646923,0.07502439283244255,0.02709906471042922,0.06015359505626727,0.042187592356795145
2025-07-18,119445.36520434043,3481.8828152374017,722.3981283678474,176.0976453468298,3.494535310837583,0.005871269512696342,0.03377435288854613,0.01953269289593118,0.013051223095611464,0.14920993845663277
2025-07-19,117988.94664455787,3547.317079001209,729.5149107763856,177.36979874415755,3.417044710420229,-0.012193177669899469,0.01879278173218646,0.00985160693123266,0.007224136329717412,-0.022174793935271775
2025-07-20,117901.62655900871,3594.3185010809702,732.9272514055848,176.91082733883786,3.43091157808989,-0.0007400700492072865,0.013249850812038222,0.00467754747544169,-0.0025876525122617844,0.0040581463939801665
2025-07-21,117256.9208222684,3758.605581813957,758.1392224608369,180.99223128612934,3.455651421168503,-0.00546816660258409,0.04570743541051758,0.03439900891514314,0.02307040223984913,0.007210865834201163
2025-07-22,117482.46977767294,3765.453624023574,766.3958790528078,196.42381167802614,3.55629271011838,0.0019235449287162698,0.0018219635076239804,0.010890686495774071,0.08526100972533524,0.029123680801070417
2025-07-23,119955.79570607653,3746.9406687316323,786.4807204757146,205.2909062553001,3.5512409390828505,0.021052723296370646,-0.004916527234283041,0.02620687554809109,0.04514266626598573,-0.0014205160956397567
2025-07-24,118629.05588130427,3630.053531480921,776.2226902262614,189.5923023530127,3.1784172529582473,-0.011060239457067356,-0.031195353111977298,-0.013042951953416648,-0.07647004043503303,-0.10498405839534208
2025-07-25,118354.43517438594,3708.4299352383423,771.2312622168195,182.56084286755046,3.1443151661109243,-0.0023149531527343337,0.021590977399566613,-0.006430407243038783,-0.03708726250061556,-0.010729266843609975
2025-07-26,117540.80837085741,3723.0529092785596,784.7856013546323,186.17182549934944,3.1383147630505817,-0.006874493569503426,0.003943171179066063,0.017574934785258067,0.019779611964317878,-0.001908333848023358
2025-07-27,117959.54234360624,3742.4314258659915,794.2867236239222,184.9395837508933,3.167241692335099,0.003562456125260516,0.005205007035794962,0.012106647029315853,-0.006618841197646441,0.00921734480718528
2025-07-28,119418.91405141471,3864.1248374654765,843.449638843771,188.5758287219798,3.232752992185551,0.012371798659216893,0.03251720546123971,0.06189567791784767,0.019661799260802804,0.020684022949367442
2025-07-29,118003.30201607826,3786.303845995956,822.2765976915088,183.03025266261037,3.1234939366799126,-0.011854169388334723,-0.02013935748529383,-0.025102910923391897,-0.02940767168811098,-0.03379752668074165
2025-07-30,117853.30892863822,3788.5983716058226,805.1438193193468,181.16776459533068,3.1280707477497427,-0.0012710922904479727,0.0006060067293047755,-0.020835784966106496,-0.010175848200968729,0.00146528572253124
2025-07-31,117833.24087995925,3807.4166010824188,793.8734614175534,177.8780960276323,3.0996192442543777,-0.0001702798916839443,0.004967068987209666,-0.01399794376031005,-0.018158134119755975,-0.009095543480220902
2025-08-01,115700.00243915782,3696.6628530851194,783.0023910772859,172.1630467364299,3.0232512791444304,-0.01810387650268086,-0.02908894917509497,-0.013693706703403197,-0.03212902217209812,-0.024637853585245062
2025-08-02,113234.6051343189,3483.1789551579504,756.4574114847068,162.79127248081605,2.9619031982658726,-0.02130853286831491,-0.05775043773575461,-0.03390153069144208,-0.054435457743504,-0.02029208795899995
2025-08-03,112554.90232221723,3397.4855484143177,736.6587769385911,158.53125175932496,2.769267387192411,-0.006002606811719935,-0.02460206835389167,-0.026172834379739385,-0.026168606317596654,-0.06503784836258164
2025-08-04,114199.10966460757,3497.573127822404,751.4001548118117,161.90312387611363,2.9486352217251337,0.014608047348158903,0.02945930982835221,0.020011134509905437,0.021269447376266903,0.06477086155070522
2025-08-05,115138.68613070177,3715.7090148550706,768.5544340737234,169.41522028427192,3.0727905982283095,0.00822752882096589,0.06236778447817004,0.022829752099542855,0.046398711947685856,0.04210604810944951
2025-08-06,114128.35408881678,3612.442432236669,754.7878000846929,164.08356857308905,2.9649981287242557,-0.00877491376563122,-0.02779189172390817,-0.01791237338396512,-0.031470913311310356,-0.0350796665305485
2025-08-07,115022.09576830892,3684.0459195726726,769.8555506826906,168.1731958529984,2.992045726720115,0.007831022243575125,0.019821350424031436,0.019962896321730428,0.02492405129577402,0.009122298504618875
2025-08-08,117463.47451085235,3911.2609462690816,787.1948285374559,175.3851480311338,3.3154332521736825,0.02122530220159735,0.061675405697104946,0.02252276786130758,0.042884076392527115,0.1080824141708776
2025-08-09,116688.36663186055,4012.97697001236,793.1777287850201,176.79535226118225,3.288160253111489,-0.006598714044681042,0.026005941598016946,0.007600278902593738,0.00804061373428322,-0.008226073935981848
2025-08-10,116510.08393213755,4265.563258333516,799.1991047067497,180.38638312645054,3.229511537620619,-0.0015278532459491734,0.06294237176257167,0.00759145863935573,0.020311794508959702,-0.017836331254041604
2025-08-11,119266.92516880555,4253.591618951185,804.8956334719561,182.9089507475702,3.1838901988281205,0.02366182517106208,-0.0028065787933029274,0.007127796730073355,0.01398424635717288,-0.01412638978404479
2025-08-12,118773.79960860992,4228.824213261163,806.8312185132748,175.04512640796176,3.1394273590070134,-0.004134637993707724,-0.005822704177729565,0.0024047652401462116,-0.04299310836057002,-0.013964941327898939
2025-08-13,120202.53485503166,4606.809427709522,834.446637547768,192.59412792428108,3.26747236546907,0.012029043872721079,0.08938305197530694,0.03422700857482841,0.10025415660770509,0.040786102629416066
2025-08-14,123560.99363577305,4763.652535322159,849.5528663342336,201.8186877395025,3.2866811377117644,0.027939999641370283,0.03404592919977101,0.018103289181989002,0.047896371060949905,0.005878786442295336
2025-08-15,118405.59579823953,4554.291501538621,842.2643191559952,192.75680405400084,3.0872106726905346,-0.041723505823612395,-0.04394968613498573,-0.008579274424307504,-0.04490111290981291,-0.060690543640659955
2025-08-16,117339.79190213277,4430.532465017841,827.2916811192079,185.5996951638033,3.0773729481839958,-0.009001296677927928,-0.027174157929717335,-0.017776650032843455,-0.03713025293878858,-0.0031866061469544293
2025-08-17,117501.21653394958,4426.826913311333,839.0566611983465,189.76942306167987,3.106969288649059,0.0013757023870593077,-0.0008363671264720596,0.01422107866867739,0.022466243245693684,0.009617404508130534
2025-08-18,117542.83687778088,4487.118013759226,856.9424560582937,191.64098987374877,3.0953855433967075,0.0003542120248538616,0.013619484481446564,0.02131655189341153,0.009862320187697282,-0.003728310187896433
2025-08-19,116256.41276740946,4317.2757573282315,848.2298792758197,183.0130381229085,3.060621197547626,-0.010944300346511282,-0.03785107855647951,-0.010167049982036769,-0.04502143177471718,-0.011231022876372565
2025-08-20,112778.34483555844,4074.495786100515,823.4566682430556,176.4002245667356,2.8587366392387112,-0.029917213588978364,-0.05623452956777586,-0.02920577503578914,-0.036133018849355714,-0.06596195519742143
2025-08-21,114252.39755195397,4330.491598768078,870.0388548973078,187.2669439751863,2.952309340790555,0.01307035245591548,0.06282883235291381,0.05656908062162036,0.06160263931149146,0.03273218675252387
2025-08-22,112414.39987336512,4224.438592580698,838.3671602294102,180.24297051206173,2.8498230079250755,-0.016087169442138394,-0.024489830719807704,-0.03640262097448044,-0.03750781271923398,-0.034713954750431486
2025-08-23,116834.24948202295,4829.225541798332,899.0447590707095,200.2605865005056,3.0732747821154365,0.03931746834601957,0.14316386330714104,0.0723759251551499,0.11105906616815497,0.07840900068845102
2025-08-24,115359.98346714744,4773.884088598777,880.2145462822662,204.01931609622184,3.0458254666203546,-0.012618440409482456,-0.011459695290799488,-0.0209446889028162,0.0187691929869922,-0.008931617717628071
2025-08-25,113399.54847314971,4778.10916071381,876.0729413672346,205.88090746426144,3.02786808477519,-0.016994064450052804,0.0008850386889625028,-0.0047052220762815455,0.00912458390538684,-0.005895735669020463
2025-08-26,110185.35443900425,4381.626176071471,840.2868104582814,187.18525315161807,2.862667277824852,-0.02834397559269386,-0.08297905537660588,-0.040848346318177575,-0.0908081013577654,-0.05456010708689896
2025-08-27,111842.70999260596,4602.369685333965,864.1213024474413,195.9857969070515,3.011834539503525,0.01504152309569573,0.05037935697663998,0.028364710349506606,0.04701515534615908,0.052107788716547976
2025-08-28,111216.08479629169,4500.1451479982325,856.0552312979237,203.29341765413957,2.9671217194399038,-0.005602736167209299,-0.022211283387660985,-0.009334419978621278,0.03728648127779266,-0.014845709310110866
2025-08-29,112525.59740669793,4507.560431032719,874.7487534677291,214.54958917125032,2.9671844322262273,0.011774489389774878,0.0016477875247613571,0.021836817866836666,0.05536908989478806,2.1135899451962814e-05
2025-08-30,108480.30666639366,4364.358521430426,863.6575485254209,205.08335316941142,2.823231531748928,-0.03594996012936935,-0.03176927115971784,-0.012679303512396878,-0.04412143616030462,-0.048514982389987193
2025-08-31,108781.95727925687,4373.360357620914,861.923469050824,202.71014197799335,2.8166293700860887,0.002780694691349561,0.002062579448110613,-0.0020078322450346464,-0.011571934799884276,-0.0023385123000341235
2025-09-01,108253.36092385623,4388.931464519364,857.819601972643,200.90099462282365,2.776712609891609,-0.0048592282086233896,0.0035604445152379594,-0.004761289401598812,-0.008924799408241313,-0.014171818492846211
2025-09-02,109162.68557992298,4303.202222745541,845.916487927506,196.88381950999033,2.752094842681695,0.008399966969213635,-0.019533055475317584,-0.013876010781013415,-0.019995795045092968,-0.008865795877548543
2025-09-03,111190.18209845416,4325.856306225941,851.6937445280856,209.23036715955652,2.861352340590463,0.01857316451826163,0.005264471039882146,0.006829582686978863,0.06270981373834883,0.0396997575135547
2025-09-04,111711.51977725117,4449.8670977283255,855.1110256828161,210.678785187558,2.8440111306765328,0.004688702446187243,0.028667339533193337,0.0040123356273140676,0.006922599466151702,-0.00606049442703438
2025-09-05,110724.736377486,4298.094660544595,843.6735934362805,202.68556246131902,2.797620314598713,-0.008833318190754058,-0.034107184293483916,-0.013375376884425916,-0.03794033043774647,-0.01631175615926095
2025-09-06,110662.18112628513,4306.613513100346,849.7184902459278,203.47913677981902,2.8160947139230124,-0.0005649618436445181,0.0019820067328790714,0.007164970975358509,0.003915297709729204,0.006603612086992339
2025-09-07,110209.1888247784,4273.110024157841,861.6639369838142,200.18665937035894,2.8106516044524614,-0.00409346984576231,-0.007779543913237208,0.014058122631213088,-0.01618090906795422,-0.0019328573870899257
2025-09-08,111131.9923868407,4304.032421076036,881.3845363246559,206.51848846856373,2.881098102223723,0.008373199838440648,0.0072365084782224365,0.02288664814019259,0.03162962566097116,0.025064115972134093
2025-09-09,112025.12878118771,4309.685702772004,878.2339242329539,214.08956690665315,2.9693752178894965,0.008036717196953314,0.0013134849236462465,-0.0035746169371656533,0.03666053579140871,0.030640093649584088
2025-09-10,111547.43956434788,4309.342746120013,879.833817211316,217.38518604767611,2.94711316566773,-0.004264125576439848,-7.957811210479449e-05,0.0018217162127498465,0.015393646634167535,-0.007497217625999197
2025-09-11,113975.32489468766,4347.476803670656,893.578793274879,223.9996568751895,2.9831115371091697,0.021765495826905124,0.008849158629811615,0.01562224114904831,0.030427422161428685,0.012214791023568816
2025-09-12,115503.16663193036,4459.31901599882,902.876846974473,228.6994803098487,3.042189592870322,0.013405021996247157,0.02572577551966071,0.010405409986865788,0.020981386758453402,0.01980417259838796
2025-09-13,116160.14344594491,4708.841744149995,925.1660418381477,242.25824628845254,3.1075619727179338,0.005687954998741418,0.055955343687221326,0.024686860603819305,0.059286387359665405,0.02148859492545041
2025-09-14,115970.58488443034,4667.699652630318,933.8971704994946,242.6675990847208,3.1226735093963653,-0.0016318726534870764,-0.008737199879522262,0.00943736396117556,0.001689737305292205,0.004862827133006453
2025-09-15,115373.55555886829,4609.786110950785,926.8412817390542,240.51910214123612,3.0312637323512215,-0.005148109981138904,-0.012407298238844122,-0.007555316563028547,-0.008853662176525612,-0.02927292167115292
2025-09-16,115397.25272727509,4524.244939102515,919.2250351484705,233.8358169548661,2.9940861270543375,0.00020539514702488937,-0.018556429688801113,-0.008217422702939126,-0.027786920568352635,-0.012264721442778237
2025-09-17,116762.8496864193,4504.266635522813,955.3487499241552,237.00322352946304,3.0381334165695297,0.011833877556614025,-0.004415831558329586,0.03929801016554135,0.013545429506243378,0.014711430348373744
2025-09-18,116455.94648225319,4591.768794331328,991.3973181432295,244.94703055919837,3.083983468328553,-0.002628431945523202,0.019426505109273684,0.03773341224546134,0.03351771723369734,0.01509152017780524
2025-09-19,117145.49508952006,4590.6367372135155,982.076570691383,247.55626201820508,3.0778034182571985,0.005921111184923111,-0.000246540531223971,-0.009401626654894746,0.010652227353195487,-0.002003918028362195
2025-09-20,115655.81046441344,4470.479474009387,982.6879738189483,238.33823551145915,2.9911678094786853,-0.012716533606078717,-0.02617442199904141,0.0006225615657797778,-0.037236086987240236,-0.028148519253893833
2025-09-21,115715.51536781774,4481.799472368209,1042.406078066426,239.46337999355012,2.9767316725840836,0.0005162291731350965,0.0025321664990600734,0.06077015882813708,0.004720788838922463,-0.004826254431080423
2025-09-22,115304.47999407038,4452.87113037789,1048.5649851048527,236.64867854250417,2.9733496913212485,-0.0035521198038208635,-0.006454626577710898,0.00590835679877344,-0.011754204133933799,-0.0011361391065185522
2025-09-23,112696.74101711863,4199.951774017639,992.3881905006706,220.33692191838946,2.851139194678168,-0.022616111508294012,-0.05679916372041682,-0.053574928976447334,-0.0689281542773752,-0.041101958844529496
2025-09-24,112022.16587861195,4166.1905498775295,1017.4645009307637,214.17925267896382,2.8290556379505225,-0.005985755510039215,-0.008038479000870402,0.025268650584648666,-0.0279466064326086,-0.007745520376159054
2025-09-25,113320.56908541008,4148.65682762035,1018.067792712729,211.59608812684968,2.9285889681239876,0.011590591885226376,-0.004208574247208885,0.0005929364429062556,-0.012060759946651234,0.035182528345596875
2025-09-26,108963.53013595635,3863.0632875907245,944.4003758447785,192.18165357078567,2.7391226387021668,-0.038448791641434665,-0.06884000096808207,-0.07236003083022335,-0.09175233213397238,-0.06469543233415587
2025-09-27,109710.20874667744,4037.0979210260916,960.6805874196078,205.1199454921513,2.78626651562758,0.0068525552521054856,0.04505094027178291,0.017238675450829355,0.06732324174013882,0.01721130564192297
2025-09-28,109654.81021075726,4018.167453105732,968.6806715896132,203.5749247337909,2.8077761197607156,-0.0005049533361849434,-0.0046891277572846946,0.008327517256795591,-0.007532279489707139,0.00771986599720198
2025-09-29,112142.57362752674,4141.839664086501,993.2079048442275,210.7450481378904,2.864956739306865,0.022687225594463012,0.03077826208690726,0.025320246365982513,0.03522105393616459,0.020365092196532597
2025-09-30,114309.15041119447,4215.61278947927,1030.030963111487,212.92955681530267,2.8820677870561946,0.019319841819074535,0.017811680648202932,0.037074874341676445,0.010365646532216388,0.00597253267896436
2025-10-01,114024.22783550054,4144.230463371581,1008.9225311714104,208.6992944881733,2.844933401817261,-0.002492561397482218,-0.016932846936472568,-0.020493007196902946,-0.019866956895978283,-0.012884632834005427
2025-10-02,118503.24451752483,4343.951983440489,1025.8187850123247,221.2188833389755,2.94479751207665,0.03928127177047003,0.04819266733212091,0.016746829730620583,0.05998864960950634,0.03510244218567604
2025-10-03,120611.71911591051,4484.006245909478,1090.3115640663682,234.61674360916186,3.0371524340279654,0.01779254742745784,0.03224120869726166,0.06286956331499494,0.06056381836832947,0.031362061932125096
2025-10-04,122250.15186842803,4515.759068159723,1190.0540938314145,233.06458024680495,3.0413663901904453,0.013584357842897132,0.007081351030501226,0.09148075930979949,-0.0066157399445565535,0.00138746943198087
2025-10-05,122380.93708463266,4487.706651673285,1149.536376093483,227.93905953905113,2.9697246277119143,0.0010698163904563351,-0.006212115408068097,-0.03404695462832574,-0.021991847505640427,-0.023555781608425308
2025-10-06,123506.18520027678,4515.321391965295,1165.4778023162069,228.5443211026712,2.970720012302302,0.009194635557218778,0.006153419203929866,0.013867700539323735,0.0026553657141696885,0.00033517740368904647
2025-10-07,124773.50823074432,4689.131734746596,1224.574210222444,232.5968012360869,2.991602626695257,0.010261211034997553,0.03849345986546693,0.05070573441106485,0.01773170347818498,0.007029479152015794
2025-10-08,121518.75593575071,4454.32846286666,1311.712914691701,220.92325353514107,2.857057632365177,-0.026085283175452445,-0.05007393376049496,0.07115836977607759,-0.050187911608883695,-0.04497421988117056
2025-10-09,123352.50487523204,4527.578004547945,1306.4812320510532,229.06280907281337,2.8805684212620997,0.015090254383865354,0.016444575718186805,-0.003988435717946159,0.03684336260409804,0.00822902157471006
2025-10-10,121698.03066778315,4368.649439385323,1255.8786646242372,220.8065008190006,2.8050759101908103,-0.013412570819882008,-0.035102336172447846,-0.03873195127906637,-0.03604386188762876,-0.02620750491953705
2025-10-11,113201.74064138904,3835.632842050135,1110.8141755974673,189.8912952568837,2.3838350726730484,-0.06981452353643813,-0.12200946876849528,-0.11550836327821024,-0.14001039574219198,-0.15017092264326914
2025-10-12,110853.11663883903,3749.218185954949,1138.1246823442061,178.3062307703534,2.3859045362580757,-0.02074724283604612,-0.02252943898796045,0.024586026490028834,-0.061008928665519324,0.0008681236419207927
2025-10-13,115189.5714637257,4159.729307791921,1298.7908005975073,197.03997380287893,2.5312630934147733,0.03911892562312791,0.10949245988798384,0.14116741403268374,0.10506499381198475,0.06092387811319133
2025-10-14,115222.28302116522,4246.217461554773,1293.0722313476617,207.92928081408232,2.60498951616126,0.000283980199108802,0.02079177450341385,-0.004402994883559996,0.05526445624732568,0.029126337336601082
2025-10-15,113156.56943826913,4128.888447033946,1212.283351974494,202.77828792883702,2.5061812994119887,-0.01792807370876892,-0.027631419159080517,-0.06247824167484295,-0.024772811530334726,-0.03793037021311174
2025-10-16,110708.66960879423,3983.1544356894233,1161.734804798178,193.96279214560616,2.4107851679488945,-0.02163285650693325,-0.0352961852115945,-0.04169697380895787,-0.04347356846372308,-0.03806433775779772
2025-10-17,108076.72862033188,3890.1993012479857,1143.731369922843,184.57406686923576,2.3252186675017006,-0.023773576159506815,-0.02333706511817646,-0.015497026344547415,-0.04840477481537986,-0.035493208430510736
2025-10-18,106443.61194984635,3831.244175835675,1071.5486432574182,182.07052141400303,2.2957327819062083,-0.015110715242155237,-0.015154782787966115,-0.06311160869032928,-0.01356390687867548,-0.01268090868510574
2025-10-19,107156.00337647724,3889.4990302043157,1092.456873698318,187.55870371602296,2.3596315316088416,0.0066926649103804525,0.01520520533148595,0.019512161741291223,0.03014316792964289,0.0278337053015274
2025-10-20,108621.134857428,3985.0765644046796,1109.7463758132928,187.62095813065147,2.389625527633369,0.013672882851026413,0.0245732248441628,0.015826255966008285,0.0003319196251365675,0.012711304973991755
2025-10-21,110608.5714932665,3978.7901551344357,1100.594219041398,189.83490809801577,2.490117031449711,0.01829696070149822,-0.0015774877015902744,-0.008247070656290822,0.0118001207830023,0.04205324334472871
2025-10-22,108486.10262716639,3877.4871979550117,1057.8502060144851,185.78992071057104,2.4235930180546776,-0.019189008929830775,-0.025460743901936533,-0.03883721383176286,-0.021307921856796863,-0.026715215612297505
2025-10-23,107618.4266715404,3801.7907952382916,1071.3354220022431,180.02645418265774,2.3631248548137456,-0.007998037855668327,-0.01952202518080326,0.012747755694602958,-0.031021416586380912,-0.024949800890855633
2025-10-24,110048.51827291629,3855.8421162401205,1127.358071433892,191.42417371185576,2.3942046738111324,0.02258062746812617,0.014217331755741913,0.05229235240532515,0.0633113593274115,0.01315200038376152
2025-10-25,110997.80437129698,3933.232269901015,1109.178393744721,193.47566388653937,2.504825180033832,0.008626068876515847,0.02007088239815147,-0.016125912564805778,0.010716985921389588,0.046203445942911925
2025-10-26,111620.3093731354,3952.213557935584,1116.6415202338756,194.011016152678,2.593725390920985,0.005608264103640126,0.004825875191715179,0.006728517731001027,0.0027670263814294493,0.03549158304371258
2025-10-27,114476.01227508577,4161.590896249249,1136.879092448019,200.07095684438153,2.645881508384711,0.025584079796840964,0.05297723294665091,0.01812360712675698,0.031235034029895692,0.020108573423498033
2025-10-28,114182.79442806762,4123.206220671679,1140.4846092726004,198.81130112961708,2.6352743169545323,-0.0025613911699994274,-0.00922355813786635,0.0031714162469271834,-0.006296044836453851,-0.0040089442390238705
2025-10-29,112950.34863259472,3982.3127893175442,1103.595300080196,194.40531681984675,2.607884184498703,-0.010793620892237898,-0.03417084274072113,-0.03234529330118041,-0.02216163912582514,-0.010393655142316605
2025-10-30,110046.66925837283,3897.359267616961,1106.7871126244677,194.22060377742542,2.5521455809931615,-0.025707573366302583,-0.02133270945679333,0.00289219476019853,-0.0009501439849636251,-0.021373113053429482
2025-10-31,108240.76528725718,3802.2953645331804,1078.7188521029816,184.28637111326051,2.4373365011802233,-0.01641034647650863,-0.02439187576923263,-0.025360125900751762,-0.051149221405723866,-0.04498531771383529
2025-11-01,109573.90555629115,3847.298177365196,1088.7331766998475,187.2627467672827,2.5081131316915473,0.012316434251882669,0.011835696209134605,0.00928353535060844,0.016150818077550255,0.029038514163740592
2025-11-02,110014.13556776087,3872.2118961957594,1094.4541628666802,186.3556506725306,2.504613534721328,0.004017653740046256,0.006475640223868817,0.005254718317828866,-0.004843975165436221,-0.001395310652458015
2025-11-03,110650.2092823146,3910.0947691627284,1083.698416513334,187.19632465985816,2.527623366103904,0.005781745330007526,0.009783264444847894,-0.009827498234529886,0.004511126892550399,0.009186978774805565
2025-11-04,106521.08673825761,3600.71550248779,992.195531851008,165.92718959407298,2.3075208080429306,-0.03731689773420921,-0.07912321438213776,-0.0844357463921791,-0.11361940521231861,-0.0870788587463649
2025-11-05,101635.2740227234,3296.7437604313104,938.891751599157,155.5134380549323,2.2139228610122434,-0.04586709416079815,-0.08441981651881714,-0.05372306016376549,-0.06276097102962486,-0.040562124815710754
2025-11-06,103877.95965955159,3427.6905913706814,959.9701458776641,162.64616988523213,2.3468300424460398,0.022066016532082955,0.039720051194466865,0.02245029231815643,0.045865694434588544,0.06003243553527815
2025-11-07,101322.6402945857,3308.918164921951,948.6793778409456,154.84889388443324,2.2091841302505792,-0.024599244857529623,-0.034650859896089736,-0.011761582467125331,-0.04794011446012458,-0.05865184512978017
2025-11-08,103396.084215925,3434.3512285299594,990.5899790534177,161.87760775808556,2.315839328722371,0.020463777052305065,0.03790757503093678,0.044177835200607474,0.045390791611969794,0.04827809371403302
2025-11-09,102290.13714655167,3401.4594003397083,989.8862403988059,158.15618865832252,2.2848817063829197,-0.010696218118509737,-0.009577304708094814,-0.0007104237570465521,-0.022989091272737516,-0.013367776406375542
2025-11-10,104709.67861656273,3576.2547046627064,996.308790029525,164.26842094537048,2.366057070769261,0.023653712249349867,0.05138832593607945,0.006488169416448919,0.038646810718565794,0.035527162810912394
2025-11-11,105909.07272321742,3564.6105957999334,991.3653787289568,167.54840917926455,2.5281078242198647,0.01145447223696272,-0.003255950659104778,-0.0049617260733207935,0.01996724760010249,0.06848979065323935
2025-11-12,102960.77564500563,3416.781328259322,957.149279725558,154.34628754698477,2.390172266260892,-0.027838002943495366,-0.04147136512324623,-0.03451411531767201,-0.078795863816018,-0.054560789155239986
2025-11-13,101521.70859453593,3409.6144555411624,952.9170115918621,153.19515043362588,2.3832389457846697,-0.01397684741062366,-0.0020975508906244666,-0.00442174300638809,-0.007458145781501058,-0.002900761829635279
2025-11-14,99730.4533956204,3235.7276362968546,927.1219876913323,145.15580784802805,2.331388577331738,-0.017644060799543504,-0.05099896821522276,-0.027069538676236737,-0.052477787729194536,-0.021756260967722763
2025-11-15,94456.39368235337,3106.601287865052,917.7022398201406,139.00276447047776,2.2488473348561304,-0.05288314184580489,-0.03990643309508635,-0.010160203291746162,-0.042389233119712766,-0.03540432653662373
2025-11-16,95508.31019889197,3170.1129807404664,931.9743286141038,139.59145707175173,2.235455773730874,0.011136530578079062,0.02044410820387621,0.015551982085998173,0.0042351143411900605,-0.005954855590992403
2025-11-17,94411.32947182967,3101.686799467,928.5079796470696,137.4975729739525,2.218219988506596,-0.011485709722828141,-0.021584776848389664,-0.003719360995907306,-0.015000087696791953,-0.00771018842189497
2025-11-18,92036.7255045672,3021.3021576301335,906.7197811831101,130.68858764032888,2.160590388035999,-0.025151684448750267,-0.025916427748501225,-0.0234658171405715,-0.049520767431389556,-0.025980110525194555
2025-11-19,92819.75921500899,3117.2225871583155,932.0597430569885,140.60155456478054,2.2139034771189343,0.00850783973624658,0.0317480425736103,0.027946850173285354,0.07585181769454397,0.02467524125727394
2025-11-20,91363.27838693369,3017.7483614097955,894.7896141305321,136.43470513687834,2.1066834909527383,-0.015691495435810054,-0.031911171874062894,-0.03998684548290554,-0.0296358702490902,-0.04843028942965788
2025-11-21,86649.97257918229,2832.068358334293,866.7212975475668,133.60337500165332,2.0000407183731164,-0.05158862390850316,-0.061529319491953505,-0.031368621338144664,-0.020752272175796338,-0.05062116499113645
2025-11-22,85051.8019295002,2764.735218675169,831.1648478578168,128.48401421465474,1.950091461265794,-0.018443983328692348,-0.023775252267825397,-0.04102408673971536,-0.03831760078617197,-0.02497412010089095
2025-11-23,84682.62429147748,2768.6178294996353,833.4782529297297,127.62806806856854,1.9508235490170465,-0.004340621005640033,0.00140433369468429,0.0027833288160288294,-0.00666188826149372,0.00037541200799751095
2025-11-24,86783.84766839583,2799.8149340924633,843.0327408998495,130.84897517738048,2.0449210167731326,0.024812922302525076,0.011268115180225635,0.011463392039966491,0.025236667431818294,0.048234740555340716
2025-11-25,88229.35740719768,2953.327645752226,864.3540154398011,138.3677130507636,2.2241484224164743,0.016656437547286407,0.05482959241001506,0.025291158344803222,0.05746119037761366,0.08764514823470337
2025-11-26,87310.33159950442,2955.046469321271,861.9171451304046,139.0062092062614,2.1989437346568153,-0.010416326659297148,0.0005819955572885505,-0.0028192965681503868,0.004614488029180297,-0.01133228677799969
2025-11-27,90474.22677969698,3027.477249132549,891.7232823713881,142.92252259467037,2.224254821804325,0.03623735155085028,0.024510876753797373,0.034581209353335085,0.02817365793061688,0.011510566072514994
2025-11-28,91279.06057176423,3015.6118196920934,895.3979231885241,140.8298940142595,2.201122232723185,0.008895724458933607,-0.003919246443174873,0.004120830856141788,-0.014641699169735345,-0.010400152381090488
2025-11-29,90950.37695910994,3033.135645414151,887.5558493593282,137.46833804153275,2.180631384763347,-0.0036008654185905042,0.0058110349639917125,-0.00875819970775693,-0.023869619417496657,-0.009309273085887249
2025-11-30,90841.45258193677,2991.2330117032593,873.7626867754427,136.08875145366935,2.2028096835323647,-0.0011976242519824432,-0.013814955415609287,-0.01554061369078008,-0.010035667903736445,0.010170585878926275
2025-12-01,90406.28448571145,2992.8341859495977,877.7990241108373,134.57716421907872,2.1652461437750383,-0.00479041322938778,0.0005352890396950194,0.00461948924631983,-0.011107363528904401,-0.017052557939136403
2025-12-02,86281.49519776918,2799.0367919901605,827.4880333310571,126.74719818442522,2.0310598795228767,-0.04562502829760895,-0.06475380255586971,-0.05731493132011911,-0.058181981171092856,-0.06197275290753412
2025-12-03,91344.73275150165,2995.751149322771,876.7469880502844,138.68381774415911,2.1570887957334866,0.058682774818943795,0.07027930390037618,0.05952829857966058,0.09417659507049114,0.06205081272159041
2025-12-04,93619.43750817103,3195.4089919085554,922.3452824680271,145.03241215787318,2.203321627854195,0.024902418433448092,0.066647005253063,0.0520084985055318,0.04577747077475047,0.021432975875704585
2025-12-05,92140.70419795791,3133.698235618616,900.2311130891073,139.0035856702843,2.0971829811461946,-0.015795152690209924,-0.019312318531431893,-0.023976020476568438,-0.04156882174052423,-0.048172107678790654
2025-12-06,89307.09154512963,3022.6564205232035,883.6707054897142,133.19940782316152,2.0358303092663843,-0.03075310393483055,-0.035434750491695644,-0.018395729006262296,-0.04175559802385431,-0.029254801527274776
2025-12-07,89244.7620814118,3039.358573133242,890.2442866831284,132.21332316930986,2.0326777775330633,-0.00069792289323789,0.005525653692108223,0.0074389488670116855,-0.007403070854194893,-0.0015485238229197007
2025-12-08,90162.90714007126,3052.976330436545,892.8659344513236,131.63667798299971,2.039660348972326,0.010287943373325392,0.0044804707886982875,0.0029448633452766604,-0.004361475625052624,0.003435159038210678
2025-12-09,90618.0535204608,3125.321462183988,897.4003709684328,133.2876975493966,2.073039044939783,0.005048044643042093,0.0236965911023288,0.0050785188930917435,0.012542245760790882,0.016364830538709407
2025-12-10,92723.21372069631,3322.469217836626,899.4035882994448,138.01268988378362,2.1094322825594976,0.023231134618888927,0.06308079282022727,0.002232244821617657,0.03544957577675856,0.01755550032139963
2025-12-11,92005.13714957413,3326.260211637518,894.4021116794611,136.51252974936924,2.0443398468981213,-0.007744302017887228,0.0011410169823515837,-0.005560881327414169,-0.010869726078649888,-0.030857798185583762
2025-12-12,92494.17691640415,3236.0986208578574,885.6320356392306,136.44042727909604,2.036028301991718,0.005315352837689691,-0.027105994433091474,-0.009805518039042282,-0.0005281747426816308,-0.004065637579297121
2025-12-13,90307.26028567803,3085.316694358101,882.1612967807799,132.4674041542392,2.009806618706698,-0.02364383038623763,-0.04659373652209209,-0.003918940054991937,-0.029119104975608212,-0.012878840269248126
2025-12-14,90257.4292885891,3115.225428835284,897.3110444563038,133.22106900469535,2.0236207828673027,-0.0005517939192406507,0.009693894481521248,0.01717344405247534,0.0056894362448487446,0.00687337977297231
2025-12-15,88230.77409367911,3065.4912355563642,878.3885175348196,129.57660231376835,1.9808608019799367,-0.022454164835893686,-0.01596487779618394,-0.021088035234147484,-0.027356533903796776,-0.021130431773278557
2025-12-16,86413.9190195637,2964.488557692104,858.4116623377057,127.70162570713056,1.8967832092786066,-0.020592079042470512,-0.03294828466404953,-0.022742618782379487,-0.01447002447322665,-0.04244497776789358
2025-12-17,87821.88919109134,2964.2627915054686,874.6720838564994,128.8095625908113,1.92957963013441,0.016293326208349335,-7.615687571127516e-05,0.018942451777171687,0.008675981042102654,0.017290547857747418
2025-12-18,86064.94716216,2827.8041755024283,842.7888780335543,123.08121963590442,1.8617053529191656,-0.020005741679143596,-0.04603458788946868,-0.03645161016499976,-0.04447141065996851,-0.035175680834958034
2025-12-19,85450.3312009302,2826.5948465107654,829.1719378700606,119.47102833526988,1.8076154274178682,-0.007141304113877589,-0.00042765655491261434,-0.016157000309811376,-0.029331780358645365,-0.029053966792588315
2025-12-20,88103.86075721023,2976.796869557769,855.957117266356,126.1879023223493,1.9061295130778346,0.03105347304085293,0.0531388583094663,0.032303528584312735,0.0562217809679344,0.05449947160535751
2025-12-21,88347.94310567998,2977.162263207443,853.5635263159346,125.78919713672443,1.9319648860420446,0.002770393333186183,0.00012274725676153508,-0.0027963912001406355,-0.003159614973283098,0.013553839226010167
2025-12-22,88577.42038358838,3001.6008377810244,857.8618459584029,126.01866473018241,1.9229550458561633,0.0025974263784942497,0.00820868075469039,0.005035734904255129,0.001824223372763667,-0.004663563116998226
2025-12-23,88491.12020788102,3005.786780691547,858.018474136862,125.76066206540068,1.9022227646374048,-0.0009742909122171239,0.0013945701433162316,0.0001825797232934967,-0.00204733691897252,-0.010781469521835785
2025-12-24,87406.43636737975,2965.193660040505,843.9156558740143,123.9193038826096,1.8732711631167218,-0.012257544462689118,-0.013504990078405554,-0.01643649721765561,-0.014641765974748977,-0.015219879637073719
2025-12-25,87642.60888119951,2945.9878145019857,846.6127954902438,122.56774375278773,1.8619926573243448,0.0027020036925782254,-0.006477096520655978,0.003195982439069933,-0.010906776325197987,-0.0060207545039084875
2025-12-26,87229.78066010943,2904.252344599994,828.8695540284072,120.09013792486492,1.8316249623782512,-0.004710359793712593,-0.014166884770040022,-0.020957917901018863,-0.020214175051798344,-0.01630924527367983
2025-12-27,87305.95655961394,2926.695639112761,834.3408283262127,122.18760348085107,1.8429652913700634,0.000873278585914683,0.007727735695727933,0.006600887040927539,0.01746576023835056,0.006191403384832261
2025-12-28,87807.003210775,2948.8621262576116,844.6780493960856,124.63847125670826,1.8733931841347928,0.0057389744171572055,0.007573895573087519,0.01238968622764225,0.020058235909678812,0.016510290729408794
2025-12-29,87822.90829076794,2947.8597605720547,858.791572988669,125.19116108131975,1.8645585666057287,0.0001811368047119899,-0.00033991609055961103,0.016708760932847788,0.004434343738645152,-0.004715837339369977
2025-12-30,87156.56266080117,2934.215601758931,851.1900442578194,123.09934938681572,1.8475397987365316,-0.00758737831546874,-0.004628496577624208,-0.008851424454941581,-0.016708940762561242,-0.009127505123198265
2025-12-31,88414.62856073362,2970.055474481003,860.3384247437768,124.85607450703749,1.875100431832473,0.01443455158768292,0.01221446464281195,0.010747753157679618,0.01427079126715447,0.014917477347329289
2026-01-01,87520.18048742875,2966.7741798134107,863.1574666286001,124.5164171836461,1.839340516228945,-0.010116516778560625,-0.0011047923837738116,0.0032766662556804604,-0.0027203908558910417,-0.019070933479857
2026-01-02,88727.67004249741,3000.4191168879165,862.9202786806326,126.73481257128296,1.876580133618003,0.013796698639602312,0.011340579038146448,-0.0002747910516188723,0.017816087531373537,0.020246179030192657
2026-01-03,89926.27924953419,3121.9006724537576,880.5981987516783,132.0483994914527,2.0067430670680815,0.0135088547514286,0.04048819542645887,0.020486156725942894,0.041926814048674155,0.06936177737271865
2026-01-04,90593.85443180417,3126.041091396286,878.7329288702774,133.28816839764232,2.0175062731579767,0.007423582826300956,0.0013262494156400795,-0.002118184983849636,0.009388746179160412,0.005363519758222246
2026-01-05,91373.21588108438,3139.057041912684,894.4508344273104,133.86037430010327,2.090232038436175,0.008602807046551808,0.004163717026056224,0.017887010991201047,0.004292998465954323,0.036047355215585775
2026-01-06,93926.7956485658,3228.2962247842056,910.9079403595276,138.14624626670062,2.357096532639873,0.027946699072129988,0.028428659205615103,0.018399117423546496,0.03201748081914668,0.12767218629150623
2026-01-07,93666.86387314305,3295.101927879638,917.6345878314794,141.10228180261717,2.306181895074802,-0.0027673868104188815,0.020693795873672594,0.007384552460149685,0.021397870849199307,-0.0216005737822067
2026-01-08,91257.15544035907,3164.794750249208,899.3115791273906,136.27267880262593,2.1647432080023226,-0.025726370384809183,-0.03954571982369037,-0.019967652644163114,-0.034227674693079635,-0.061330239117106444
2026-01-09,90983.51578142625,3104.220322474917,891.5992569838319,138.2946068711558,2.1251717689023337,-0.0029985556487310827,-0.019140080970344475,-0.008575806564218857,0.01483736935602753,-0.018279969168493837
2026-01-10,90504.89560340019,3083.1361173724354,895.5121731855866,135.84243943306166,2.0927673320195863,-0.005260515313299963,-0.006792109744862329,0.00438864901591729,-0.017731475533089514,-0.01524791424247296
2026-01-11,90442.01907847001,3082.9653288303607,906.6887224157771,135.80170404935623,2.088652195195928,-0.0006947306497728789,-5.5394421645038605e-05,0.01248062233529712,-0.00029987229230743484,-0.0019663613631081267
2026-01-12,90819.36598904192,3119.3619360372772,902.7664964152219,139.4276268849873,2.0697438242842803,0.004172252172350399,0.011805714085252106,-0.004325879327256699,0.026700127667862228,-0.009052905483803664
2026-01-13,91134.96917951507,3090.2827206647894,905.5295124491013,139.1103423634471,2.0521552957803872,0.003475064894322477,-0.009322167792246927,0.0030606098529919468,-0.002275621615520418,-0.008497925345893997
2026-01-14,95260.4422971001,3319.9354070565078,942.4122356291538,145.09717589746134,2.1573149435015675,0.04526772933294998,0.07431445830377448,0.04073055894147415,0.04303658112186026,0.051243513557384324
2026-01-15,97007.78078881276,3356.4964063628336,949.0987145957889,146.70846905618052,2.139155616612297,0.018342750144525022,0.011012563445847556,0.007095068075141597,0.011104924329180976,-0.008417559496341265
2026-01-16,95584.82797878512,3318.2037023491666,930.8892064404015,142.27295549504774,2.077452437224596,-0.014668439979318992,-0.011408534190913033,-0.019186105591916913,-0.030233520870797448,-0.028844642675140086
2026-01-17,95516.07771987123,3296.062650076136,937.687896295784,144.82360113807155,2.068150596847967,-0.0007192591164064677,-0.0066726018831682055,0.00730343612144746,0.01792783199132031,-0.004477522666682998
2026-01-18,95099.53192554631,3306.8712226908783,946.9959081738135,143.70920085761944,2.0617458056300615,-0.00436100187809807,0.003279237612334951,0.00992655649582308,-0.007694880335075149,-0.0030968688777631703
2026-01-19,93752.70577188236,3284.3194316465483,933.8079144307845,138.5946736566872,1.9952673135379637,-0.014162279523293408,-0.006819676221313187,-0.013926135930682815,-0.035589420652331616,-0.032243786751287806
2026-01-20,92558.46334372147,3185.6644636922747,922.3076030339913,133.43360509528503,1.9884649839518649,-0.01273821825544652,-0.030038176860529786,-0.012315500028507897,-0.03723857797152186,-0.0034092322066044956
2026-01-21,88312.84053255555,2935.6234193160412,884.4648847958442,125.81062416788743,1.8875376220238804,-0.045869633718955916,-0.07848944771993627,-0.041030474121281246,-0.057129393468414724,-0.05075641901795125
2026-01-22,89354.34377512129,2976.0491465641335,882.3554922284878,129.33791858850012,1.9437698220745168,0.011793338729511271,0.013770746950067192,-0.002384936478109334,0.028036538598725347,0.029791300260464393
2026-01-23,89443.39744146909,2948.277889615024,886.8801866366052,128.22398381822603,1.9204225104332826,0.0009966349993226764,-0.009331585461608283,0.005127972169912898,-0.008612592366034288,-0.012011356167839105
2026-01-24,89412.39849953113,2950.9128485703054,890.5047011445338,127.24900586659474,1.9194180431938297,-0.0003465760785555938,0.0008937281538361486,0.0040868141633358945,-0.007603709716377582,-0.00052304492058175
2026-01-25,89170.87364531498,2949.197384616335,886.0721909071814,127.04951352257324,1.9133958344258726,-0.0027012456691609676,-0.0005813333168417367,-0.004977525926202819,-0.0015677320436644493,-0.003137518056221089
2026-01-26,86548.32213469829,2814.1853835458546,864.4439519225823,118.89050038610903,1.8327098897122869,-0.029410405028082565,-0.045779235318304856,-0.02440911610424834,-0.06421916078422907,-0.04216897688490895
2026-01-27,88307.8612070438,2927.836546921288,878.6274796967367,124.20384054241987,1.9041128051204959,0.020330134992184723,0.04038510186284672,0.016407689292763594,0.044691040403188165,0.038960293611673746
2026-01-28,89204.22239644526,3021.091516998928,897.6724320123695,127.1523419223292,1.9156777360466681,0.01015041217338375,0.03185115308971076,0.021675798624243292,0.023739212628471895,0.006073658501256851
2026-01-29,89162.09701574955,3006.8071129555346,901.2090745596357,125.04471508843886,1.9072302990012404,-0.0004722352772550398,-0.00472822619342006,0.003939791867438647,-0.016575603736640354,-0.004409633669836599
2026-01-30,84570.40906135936,2818.817890220326,867.7347946909455,117.61753429620335,1.8050831186611875,-0.05149820504534697,-0.06252121126267562,-0.03714374479090443,-0.05939619908752314,-0.05355786366939763
2026-01-31,84141.77856967277,2702.40799526457,857.3699420639612,117.30168147280109,1.7327720854202893,-0.005068327047769161,-0.04129741596987546,-0.011944723999082973,-0.002685422928581538,-0.040059669548364485
2026-02-01,78725.85853884545,2443.9290245632774,780.3315668159182,105.3546472133961,1.6436658882901531,-0.0643665979361574,-0.09564764874668275,-0.08985429914021381,-0.10184878945810472,-0.05142407237505975
2026-02-02,76937.06406636834,2269.3288518651166,757.9446598202101,100.89974142414994,1.5944442621009838,-0.02272181600400669,-0.07144240726440954,-0.028688967546265154,-0.04228485317997166,-0.029946247920477842
2026-02-03,78767.65815345927,2344.512261445349,775.3120806273045,104.51783551612739,1.6206030260795774,0.023793396710742654,0.03313024003481946,0.022913837550111005,0.03585830886095298,0.016406195312292926
2026-02-04,75638.95670207398,2226.985635575225,753.6152462766961,97.61983239747126,1.5725414380096223,-0.03972063566101958,-0.05012839037048622,-0.02798464630275521,-0.0659983349692671,-0.029656607630939358
2026-02-05,73172.29203248928,2152.0870116729375,699.2319544532423,92.2922393896508,1.5170558553904752,-0.0326110350688783,-0.03363228873406776,-0.07216320541833421,-0.05457490426871969,-0.03528401940833792
2026-02-06,62853.69038445987,1820.5693215574129,604.901963859174,78.50039816888382,1.2161107578407648,-0.14101788206180332,-0.15404474276243008,-0.134905148417922,-0.14943662990491413,-0.19837443458682014
2026-02-07,70523.95417035831,2060.7349645674162,657.306655291851,87.57576306445752,1.4690800575209597,0.12203362664914996,0.13191787874605776,0.0866333630301741,0.11560915749814638,0.20801501676487777
2026-02-08,69296.80677355142,2091.040353689534,647.57171670411,87.6724462446035,1.4252152762524186,-0.017400433813489546,0.014706107113817701,-0.014810345383493129,0.001103994721402879,-0.02985867314989077
2026-02-09,70542.37329463876,2095.1305644770564,641.3063396421284,87.04941449412165,1.4349694710334944,0.01797437110136424,0.0019560649703891375,-0.009675186393053092,-0.0071063575521049804,0.006844015036608475
2026-02-10,70096.40692272567,2104.4577921908335,636.158470811873,86.83640091013909,1.4388979885580568,-0.006321964389408796,0.00445185988497343,-0.008027160363217378,-0.0024470421222297922,0.0027377011175946375
2026-02-11,68779.90981269129,2018.9237788543585,619.5022534339905,82.859350330399,1.3997611232740155,-0.018781235270528107,-0.0406442047228851,-0.02618249719543253,-0.045799348407537854,-0.02719919382419944
2026-02-12,66937.58141157958,1939.4321739711042,607.0100650556328,79.26902777120368,1.3675262189821478,-0.0267858507830111,-0.039373257037153664,-0.02016487964186031,-0.04333032475971654,-0.02302886096484158
2026-02-13,66184.57765470445,1945.7351413092624,613.5884218776979,78.24213346951659,1.3613529875277222,-0.011249342163188292,0.003249903462853476,0.010837310945514878,-0.012954546442162096,-0.004514159486477931
2026-02-14,68838.87490510389,2047.3626742531244,618.6972942245542,84.25776148298227,1.4061247435646491,0.040104467603424565,0.05223091816878944,0.008326220255626904,0.07688476459821225,0.032887690736430164
2026-02-15,69765.59638824302,2085.5236826118394,633.314654350795,88.16260342417432,1.5088776181920487,0.01346218229767171,0.0186391052443291,0.02362602885561582,0.04634400288430074,0.07307521974680009
2026-02-16,68716.58337486399,1963.9572853026268,614.2781615559984,85.9432570451624,1.4735483047448346,-0.015036250927195072,-0.05829058587192204,-0.030058506721766465,-0.02517333078668338,-0.02341430015347834
2026-02-17,68907.78353606178,2000.6104432030938,626.9455367382164,86.47724615896905,1.4879010843885696,0.0027824456893432714,0.018662909919051174,0.020621561981189362,0.006213275272149099,0.009740284453193082
2026-02-18,67489.45540267964,1992.004854467171,617.5002211755236,85.08405734921202,1.474786700621986,-0.02058298875104403,-0.004301481462900214,-0.01506560779080357,-0.01611046687582962,-0.008814015867172231
2026-02-19,66456.3537620677,1954.7534951528544,604.7780192707222,81.51090951064302,1.419520653358989,-0.01530760078663973,-0.018700436010875454,-0.020602748741664234,-0.04199550362183202,-0.037473925713927714
2026-02-20,66918.68417467622,1946.9092613594232,607.1450788289527,82.32948048072353,1.4067574969758219,0.006956903086555055,-0.004012901786789147,0.003913931199227116,0.010042471308379097,-0.008991173430950683
2026-02-21,67970.29403133177,1967.8121148578189,625.1658113899997,84.48180620699738,1.4287023447803144,0.015714741998072768,0.010736429228242583,0.029681097960647218,0.02614283138562734,0.015599595418306578
2026-02-22,67977.90904199042,1973.6643315860636,625.9459360696097,85.22914603897226,1.432313132610905,0.00011203439336515686,0.002973971287226984,0.0012478684300978315,0.00884616304419139,0.0025273198744177883
2026-02-23,67585.11718938159,1954.1913563168575,614.0943323849417,82.62121426327303,1.3904201045692706,-0.005778227929402857,-0.009866406844145192,-0.018933909466823384,-0.03059906026169401,-0.02924851213593882
2026-02-24,64577.553200674425,1853.695790383818,595.841177275929,77.74239675092372,1.3519972818018684,-0.0445003887509674,-0.051425652666097,-0.029723699025397954,-0.059050421321610314,-0.027633966627161888
2026-02-25,64074.11098528222,1852.8102933693347,583.919821904656,79.15951859088946,1.3492712150693866,-0.007795932029628916,-0.00047769273635767107,-0.02000760576127869,0.018228430035492904,-0.002016325601519431
2026-02-26,67947.39185585188,2053.1886740789387,628.2228200794851,87.54949142727354,1.4311778592275557,0.06045001344551393,0.10814835249280486,0.07587171476782473,0.10598817407853312,0.06070435894829118
2026-02-27,67469.06040327046,2027.3015182289616,625.9211039706134,85.91778139468347,1.4022343325428501,-0.007039732350524686,-0.012608269360140478,-0.003663853071399825,-0.018637572942905245,-0.02022357074495773
2026-02-28,65883.99096235317,1931.3205870910035,613.9686612193877,81.97478574698155,1.3556513092141123,-0.023493278718321298,-0.047344181551152054,-0.019095765704980727,-0.04589266137574999,-0.033220569663461985
2026-03-01,67008.45435746174,1965.036620141305,617.5322050027751,84.43256932045497,1.3793327963811741,0.01706732361964991,0.01745750201994456,0.0058041134808246575,0.02998218965840871,0.017468715595303275
2026-03-02,65713.4989891121,1938.411487707785,616.8269097979393,83.59894859103784,1.3508353496044245,-0.019325253518632346,-0.013549433206799688,-0.0011421189034710455,-0.009873212862363756,-0.020660312617459486
2026-03-03,68864.03691918531,2029.443994398502,637.4936332653224,86.6938918426954,1.3932878761648186,0.04794354247664123,0.04696242633103909,0.03350489924986122,0.037021317897164785,0.03142686973125608
2026-03-04,68321.6178484252,1982.4582786533451,633.9153172943332,87.21330452440068,1.36103107458941,-0.00787666676289478,-0.023152013987497444,-0.005613100718607211,0.005991341150628715,-0.023151569842263298
2026-03-05,72669.7701652216,2125.8345858015964,657.5355575822484,91.04761359657869,1.4304937640772049,0.06364240856302605,0.0723224840048815,0.0372608764033826,0.04396472640370175,0.0510368137691124
2026-03-06,70874.98687140146,2074.5222481851615,647.8545990969939,88.75693937625566,1.4033263588998717,-0.02469779785651638,-0.02413750249391411,-0.014723095007745823,-0.02515908028597802,-0.018991627827793178
2026-03-07,68148.28339966535,1980.7782841320018,627.3743722428251,84.69488418915218,1.3637239392731317,-0.03847201378228904,-0.045188218219963217,-0.03161238167131164,-0.045766057455899234,-0.028220391768160047
2026-03-08,67271.1907777184,1969.6937981965013,620.1335218839806,83.17889878303106,1.3564715576357889,-0.012870355322130655,-0.005596025574542196,-0.011541514411815834,-0.017899373977953714,-0.005318071662809176
2026-03-09,66036.15782362667,1938.6249253514961,611.9500451871007,81.67772884438665,1.3422132871181114,-0.01835901728234013,-0.015773453149648287,-0.013196314032530077,-0.01804748512672849,-0.010511293390130794
2026-03-10,68459.31537095344,1992.355228734493,634.3477951671313,84.97563051920119,1.3620867880412773,0.03669440541647928,0.027715677581755527,0.036600618230500315,0.04037700021137636,0.014806514816908534
2026-03-11,69883.00887579883,2035.2089486782504,641.6585289358178,85.74645257058538,1.3859389773180206,0.020796198400918398,0.02150907595478202,0.011524803624107127,0.00907109540316986,0.01751150476324903
2026-03-12,70226.818790692,2051.7311684113824,651.4385570212381,86.62968862668771,1.3852855424426591,0.004919792670979861,0.008118193340227897,0.015241795510207545,0.010300555062324745,-0.00047147449206308423
2026-03-13,70544.42535461926,2076.5162283684745,652.3204295577726,86.97584014684948,1.3856854223967114,0.00452258224701696,0.01208007186257376,0.001353730949802845,0.003995760871927434,0.0002886624755695788
2026-03-14,70965.28228600459,2093.00633968562,656.0082976549179,88.1168060488462,1.3984883653785558,0.005965842506615138,0.007941238836405295,0.0056534609833474025,0.013118193512937859,0.00923942965330471
2026-03-15,71217.1010283798,2096.556369062344,657.9077116578025,88.02341306449867,1.4060409016406614,0.0035484779918204534,0.0016961388551059997,0.0028954115514614465,-0.0010598770942260582,0.005400499889079313
2026-03-16,72681.9132538886,2175.059915408281,673.7790391797466,92.1632844801209,1.4471445690623825,0.020568265267145502,0.03744404276668534,0.02412394206772772,0.04703148027887494,0.029233621421509648
2026-03-17,74858.14870100339,2351.172929558985,679.6057646827234,96.21221464953886,1.544548518991867,0.029941911951504085,0.08096927027301937,0.008647828389066747,0.04393213840259036,0.06730768439575696
2026-03-18,73926.27899152413,2318.1196031651903,668.4582026519276,94.72809426091275,1.518809913744032,-0.012448473888945766,-0.014058228545526186,-0.01640298333255019,-0.015425488271236132,-0.01666416103563695
2026-03-19,71255.86350265636,2203.380058379178,651.889478852474,90.03646353685959,1.4635648455182177,-0.03612268228966242,-0.04949681829589181,-0.024786476901205945,-0.04952734202728548,-0.03637391863582795
2026-03-20,69871.4514796119,2137.450038431429,638.9476995490274,88.8456984679191,1.446907508513138,-0.019428745298874173,-0.02992221868262135,-0.019852720013564307,-0.01322536472629221,-0.011381345388343012
2026-03-21,70552.62530009366,2146.971987874902,642.2798347520329,89.90100439451884,1.4455066711696298,0.00974895763658945,0.0044548173160858795,0.005215035918209487,0.011877963084288012,-0.0009681595646342522
2026-03-22,68733.54779458739,2078.0492129718186,629.5885290033027,87.81573059739495,1.4126521263383205,-0.02578327167513428,-0.03210231679422326,-0.01975977613189428,-0.02319522246907202,-0.022728739677641996
2026-03-23,67848.87605821833,2053.1449566818205,626.2400112141628,86.23479546661513,1.3856763547929614,-0.012871032628970713,-0.011984440086663106,-0.005318581319200599,-0.01800286941787077,-0.01909583473695109
2026-03-24,70892.82823994374,2151.498274966905,638.7006153893446,91.37708078745013,1.4312128220885731,0.044863708267083524,0.047903738099446036,0.019897489703704974,0.059631211427013664,0.032862267684733215
2026-03-25,70524.51175942823,2155.6817607237,638.2722605721722,90.87842515803004,1.4149642928635169,-0.005195398316863664,0.001944452294231791,-0.0006706660473645432,-0.005457119281146561,-0.01135297907780386
2026-03-26,71309.26403856269,2168.2595767488515,647.3180223384383,91.64389758486668,1.4133478378773114,0.011127369187770908,0.005834727673777351,0.014172262097301713,0.00842303798184818,-0.00114239984313258
2026-03-27,68791.11093800364,2059.332619583916,628.9190223638835,86.37417588100612,1.3599141754843338,-0.03531312704611955,-0.05023704649249783,-0.028423432284626182,-0.05750215609261422,-0.03780644860449145
2026-03-28,66321.016242762,1991.9001004362854,613.1713620815611,82.96413192403311,1.3241937088535796,-0.03590717843571034,-0.032744840977294465,-0.025039249446029643,-0.039479901512124216,-0.026266706586856814
2026-03-29,66321.06539994745,1992.7681119939894,610.4645237576061,82.01372949812922,1.332280277660629,7.412007270168885e-07,0.0004357706280118112,-0.004414489148296119,-0.01145558211558384,0.006106786909636064
2026-03-30,65970.42899513361,1983.184167632635,605.6869270198512,81.33947805116354,1.3269176580896753,-0.005286953740856415,-0.004809362566407405,-0.007826166061784101,-0.008221202121787008,-0.0040251437035231374
2026-03-31,66699.27436893585,2023.82401658508,608.6013327334239,82.43744250260085,1.3222432322146085,0.011048061758943462,0.020492221355799423,0.004811736201592476,0.01349854311514842,-0.00352277011807689
2026-04-01,68144.72444114527,2142.0011325209543,613.6716279928792,83.05596641462947,1.34991571068575,0.02167115138635789,0.05839298030234952,0.008331061709449417,0.007502948820969468,0.020928432679359066
2026-04-01,68144.72444114527,2142.0011325209543,613.6716279928792,83.05596641462947,1.3396108818298649,0.0,0.0,0.0,0.0,-0.007633683180596762
2026-04-01,68144.72444114527,2142.0011325209543,616.7739614216982,83.75565580847271,1.34991571068575,0.0,0.0,0.005055363955745795,0.00842431223243234,0.007692404559904054
2026-04-01,68144.72444114527,2142.0011325209543,616.7739614216982,83.75565580847271,1.3396108818298649,0.0,0.0,0.0,0.0,-0.007633683180596762
2026-04-01,68144.72444114527,2142.0011325209543,616.7739614216982,83.05596641462947,1.34991571068575,0.0,0.0,0.0,-0.008353936066637146,0.007692404559904054
2026-04-01,68144.72444114527,2142.0011325209543,616.7739614216982,83.05596641462947,1.3396108818298649,0.0,0.0,0.0,0.0,-0.007633683180596762
2026-04-01,68144.72444114527,2104.8765857093113,613.6716279928792,83.75565580847271,1.34991571068575,0.0,-0.01733171203693562,-0.005029935799604757,0.00842431223243234,0.007692404559904054
2026-04-01,68144.72444114527,2104.8765857093113,613.6716279928792,83.75565580847271,1.3396108818298649,0.0,0.0,0.0,0.0,-0.007633683180596762
2026-04-01,68144.72444114527,2104.8765857093113,613.6716279928792,83.05596641462947,1.34991571068575,0.0,0.0,0.0,-0.008353936066637146,0.007692404559904054
2026-04-01,68144.72444114527,2104.8765857093113,613.6716279928792,83.05596641462947,1.3396108818298649,0.0,0.0,0.0,0.0,-0.007633683180596762
2026-04-01,68144.72444114527,2104.8765857093113,616.7739614216982,83.75565580847271,1.34991571068575,0.0,0.0,0.005055363955745795,0.00842431223243234,0.007692404559904054
2026-04-01,68144.72444114527,2104.8765857093113,616.7739614216982,83.75565580847271,1.3396108818298649,0.0,0.0,0.0,0.0,-0.007633683180596762
2026-04-01,68144.72444114527,2104.8765857093113,616.7739614216982,83.05596641462947,1.34991571068575,0.0,0.0,0.0,-0.008353936066637146,0.007692404559904054
2026-04-01,68144.72444114527,2104.8765857093113,616.7739614216982,83.05596641462947,1.3396108818298649,0.0,0.0,0.0,0.0,-0.007633683180596762
2026-04-01,68231.83047993251,2142.0011325209543,613.6716279928792,83.75565580847271,1.34991571068575,0.001278250656989277,0.017637398346151745,-0.005029935799604757,0.00842431223243234,0.007692404559904054
2026-04-01,68231.83047993251,2104.8765857093113,613.6716279928792,83.75565580847271,1.34991571068575,0.0,-0.01733171203693562,0.0,0.0,0.0
2026-04-01,68231.83047993251,2142.0011325209543,613.6716279928792,83.05596641462947,1.34991571068575,0.0,0.017637398346151745,0.0,-0.008353936066637146,0.0
2026-04-01,68231.83047993251,2142.0011325209543,613.6716279928792,83.05596641462947,1.3396108818298649,0.0,0.0,0.0,0.0,-0.007633683180596762
2026-04-01,68231.83047993251,2142.0011325209543,616.7739614216982,83.75565580847271,1.34991571068575,0.0,0.0,0.005055363955745795,0.00842431223243234,0.007692404559904054
2026-04-01,68231.83047993251,2142.0011325209543,616.7739614216982,83.75565580847271,1.3396108818298649,0.0,0.0,0.0,0.0,-0.007633683180596762
2026-04-01,68231.83047993251,2142.0011325209543,616.7739614216982,83.05596641462947,1.34991571068575,0.0,0.0,0.0,-0.008353936066637146,0.007692404559904054
2026-04-01,68231.83047993251,2142.0011325209543,616.7739614216982,83.05596641462947,1.3396108818298649,0.0,0.0,0.0,0.0,-0.007633683180596762
2026-04-01,68144.72444114527,2142.0011325209543,613.6716279928792,83.75565580847271,1.3396108818298649,-0.0012766188181462246,0.0,-0.005029935799604757,0.00842431223243234,0.0
2026-04-01,68231.83047993251,2104.8765857093113,613.6716279928792,83.75565580847271,1.3396108818298649,0.001278250656989277,-0.01733171203693562,0.0,0.0,0.0
2026-04-01,68231.83047993251,2104.8765857093113,613.6716279928792,83.05596641462947,1.34991571068575,0.0,0.0,0.0,-0.008353936066637146,0.007692404559904054
2026-04-01,68231.83047993251,2104.8765857093113,613.6716279928792,83.05596641462947,1.3396108818298649,0.0,0.0,0.0,0.0,-0.007633683180596762
2026-04-01,68231.83047993251,2104.8765857093113,616.7739614216982,83.75565580847271,1.34991571068575,0.0,0.0,0.005055363955745795,0.00842431223243234,0.007692404559904054
2026-04-01,68231.83047993251,2104.8765857093113,616.7739614216982,83.75565580847271,1.3396108818298649,0.0,0.0,0.0,0.0,-0.007633683180596762
2026-04-01,68231.83047993251,2104.8765857093113,616.7739614216982,83.05596641462947,1.34991571068575,0.0,0.0,0.0,-0.008353936066637146,0.007692404559904054
2026-04-01,68231.83047993251,2104.8765857093113,616.7739614216982,83.05596641462947,1.3396108818298649,0.0,0.0,0.0,0.0,-0.007633683180596762
2026-04-01,68231.83047993251,2142.0011325209543,613.6716279928792,83.75565580847271,1.3396108818298649,0.0,0.017637398346151745,-0.005029935799604757,0.00842431223243234,0.0
2026-04-01,68144.72444114527,2142.0011325209543,613.6716279928792,83.75565580847271,1.34991571068575,-0.0012766188181462246,0.0,0.0,0.0,0.007692404559904054
